name,hobby
Sharon Rogers,Gaming
Victor Phillips,Turtles
Pamela Butler,Dancing
Barbara Moore,Movies
Angela Roberts,Spreadsheets
Teresa Barnes,Teaching
Frank Parker,Drinking beer
Laura Hall,Robots design
Brandon Patterson,Tennis
Gregory Lopez,Football
Amy Bennett,Basketball
Christine Robinson,Gaming
Wayne Brooks,Turtles
Fred Murphy,Dancing
Beverly Stewart,Movies
Tina Sanders,Spreadsheets
Felienne Hermans,Teaching
Christopher Williams,Drinking beer
Anthony Jenkins,Robots design
Joseph Howard,Tennis
Sandra Sanchez,Football
Nancy Bryant,Basketball
Albert Ross,Gaming
Janice Hughes,Turtles
Mildred Powell,Dancing
Justin King,Movies
Ruby Jones,Spreadsheets
Emily Kelly,Teaching
Billy Lee,Drinking beer
Lillian Allen,Robots design
Shirley Evans,Tennis
Elizabeth Morgan,Football
Debra Diaz,Basketball
Betty Rivera,Gaming
Alan Cook,Turtles
Jeremy Martinez,Dancing
Ronald Young,Movies
Annie Long,Spreadsheets
Christina Thompson,Teaching
Theresa Mitchell,Drinking beer
Margaret Clark,Robots design
Carlos Watson,Tennis
Jack Russell,Football
Patricia Perez,Basketball
Kelly Davis,Gaming
Bruce Ward,Turtles
Joe Reed,Dancing
Kathleen Foster,Movies
Carolyn Edwards,Spreadsheets
Bonnie Lewis,Teaching
Sharon Rogers,Drinking beer
Victor Phillips,Robots design
Pamela Butler,Tennis
Barbara Moore,Football
Angela Roberts,Basketball
Teresa Barnes,Gaming
Frank Parker,Turtles
Laura Hall,Dancing
Brandon Patterson,Movies
Gregory Lopez,Spreadsheets
Amy Bennett,Teaching
Christine Robinson,Drinking beer
Wayne Brooks,Robots design
Fred Murphy,Tennis
Beverly Stewart,Football
Tina Sanders,Basketball
Felienne Hermans,Gaming
Christopher Williams,Turtles
Anthony Jenkins,Dancing
Joseph Howard,Movies
Sandra Sanchez,Spreadsheets
Nancy Bryant,Teaching
Albert Ross,Drinking beer
Janice Hughes,Robots design
Mildred Powell,Tennis
Justin King,Football
Ruby Jones,Basketball
Emily Kelly,Gaming
Billy Lee,Turtles
Lillian Allen,Dancing
Shirley Evans,Movies
Elizabeth Morgan,Spreadsheets
Debra Diaz,Teaching
Betty Rivera,Drinking beer
Alan Cook,Robots design
Jeremy Martinez,Tennis
Ronald Young,Football
Annie Long,Basketball
Christina Thompson,Gaming
Theresa Mitchell,Turtles
Margaret Clark,Dancing
Carlos Watson,Movies
Jack Russell,Spreadsheets
Patricia Perez,Teaching
Kelly Davis,Drinking beer
Bruce Ward,Robots design
Joe Reed,Tennis
Kathleen Foster,Football
Carolyn Edwards,Basketball
Bonnie Lewis,Gaming
Sharon Rogers,Turtles
Victor Phillips,Dancing
Pamela Butler,Movies
Barbara Moore,Spreadsheets
Angela Roberts,Teaching
Teresa Barnes,Drinking beer
Frank Parker,Robots design
Laura Hall,Tennis
Brandon Patterson,Football
Gregory Lopez,Basketball
Amy Bennett,Gaming
Christine Robinson,Turtles
Wayne Brooks,Dancing
Fred Murphy,Movies
Beverly Stewart,Spreadsheets
Tina Sanders,Teaching
Felienne Hermans,Drinking beer
Christopher Williams,Robots design
Anthony Jenkins,Tennis
Joseph Howard,Football
Sandra Sanchez,Basketball
Nancy Bryant,Gaming
Albert Ross,Turtles
Janice Hughes,Dancing
Mildred Powell,Movies
Justin King,Spreadsheets
Ruby Jones,Teaching
Emily Kelly,Drinking beer
Billy Lee,Robots design
Lillian Allen,Tennis
Shirley Evans,Football
Elizabeth Morgan,Basketball
Debra Diaz,Gaming
Betty Rivera,Turtles
Alan Cook,Dancing
Jeremy Martinez,Movies
Ronald Young,Spreadsheets
Annie Long,Teaching
Christina Thompson,Drinking beer
Theresa Mitchell,Robots design
Margaret Clark,Tennis
Carlos Watson,Football
Jack Russell,Basketball
Patricia Perez,Gaming
Kelly Davis,Turtles
Bruce Ward,Dancing
Joe Reed,Movies
Kathleen Foster,Spreadsheets
Carolyn Edwards,Teaching
Bonnie Lewis,Drinking beer
Sharon Rogers,Robots design
Victor Phillips,Tennis
Pamela Butler,Football
Barbara Moore,Basketball
Angela Roberts,Gaming
Teresa Barnes,Turtles
Frank Parker,Dancing
Laura Hall,Movies
Brandon Patterson,Spreadsheets
Gregory Lopez,Teaching
Amy Bennett,Drinking beer
Christine Robinson,Robots design
Wayne Brooks,Tennis
Fred Murphy,Football
Beverly Stewart,Basketball
Tina Sanders,Gaming
Felienne Hermans,Turtles
Christopher Williams,Dancing
Anthony Jenkins,Movies
Joseph Howard,Spreadsheets
Sandra Sanchez,Teaching
Nancy Bryant,Drinking beer
Albert Ross,Robots design
Janice Hughes,Tennis
Mildred Powell,Football
Justin King,Basketball
Ruby Jones,Gaming
Emily Kelly,Turtles
Billy Lee,Dancing
Lillian Allen,Movies
Shirley Evans,Spreadsheets
Elizabeth Morgan,Teaching
Debra Diaz,Drinking beer
Betty Rivera,Robots design
Alan Cook,Tennis
Jeremy Martinez,Football
Ronald Young,Basketball
Annie Long,Gaming
Christina Thompson,Turtles
Theresa Mitchell,Dancing
Margaret Clark,Movies
Carlos Watson,Spreadsheets
Jack Russell,Teaching
Patricia Perez,Drinking beer
Kelly Davis,Robots design
Bruce Ward,Tennis
Joe Reed,Football
Kathleen Foster,Basketball
Carolyn Edwards,Gaming
Bonnie Lewis,Turtles
